{
  "linear": {
    "MAE": 4554.3581899352,
    "RMSE": 6761.692928799137,
    "R2": 0.9113054054277511
  },
  "rf": {
    "MAE": 2498.6270293511557,
    "RMSE": 4374.364608910284,
    "R2": 0.9628792943757158
  }
}